{
  "batch_size": 1024,
  "cpu": {
    "torch_fp32": {
      "ms_per_batch": 0.36621096514863893,
      "ms_per_sample": 0.0003576278956529677,
      "samples_per_s": 2796202.4555555717
    },
    "torch_quant_dynamic": {
      "ms_per_batch": 0.37920447008218616,
      "ms_per_sample": 0.0003703168653146349,
      "samples_per_s": 2700390.1082127676
    },
    "onnx_fp32": {
      "ms_per_batch": 0.2593295101542026,
      "ms_per_sample": 0.00025325147475996346,
      "samples_per_s": 3948644.3304933133
    },
    "onnx_int8": {
      "ms_per_batch": 0.18536516989115626,
      "ms_per_sample": 0.00018102067372183228,
      "samples_per_s": 5524230.903795346
    }
  },
  "gpu": {
    "torch_fp32": {
      "ms_per_batch": 0.07292038993909955,
      "ms_per_sample": 7.12113182999019e-05,
      "samples_per_s": 14042711.522184774
    },
    "onnx_fp32": {
      "ms_per_batch": 0.07606350991409272,
      "ms_per_sample": 7.428077140048117e-05,
      "samples_per_s": 13462434.236291766
    },
    "onnx_int8": {
      "ms_per_batch": 0.9161342401057482,
      "ms_per_sample": 0.0008946623438532697,
      "samples_per_s": 1117740.1249426077
    }
  }
}