{
  "torch_fp32": {
    "roc_auc": 0.7680688545575434,
    "precision": 0.6488946684005201,
    "recall": 0.3760361718161266,
    "f1": 0.4761450381679389
  },
  "torch_quant_dynamic": {
    "roc_auc": 0.7641119574344497,
    "precision": 0.6605633802816901,
    "recall": 0.35342878673700073,
    "f1": 0.46048109965635736
  },
  "onnx_fp32": {
    "roc_auc": 0.7680687739263106,
    "precision": 0.6488946684005201,
    "recall": 0.3760361718161266,
    "f1": 0.4761450381679389
  },
  "onnx_int8": {
    "roc_auc": 0.7659568806743222,
    "precision": 0.6268656716417911,
    "recall": 0.37980406932931426,
    "f1": 0.47301736274049744
  }
}