{
  "torch_fp32": {
    "roc_auc": 0.7969638631778285,
    "precision": 0.6615969581749049,
    "recall": 0.3933685003767898,
    "f1": 0.4933837429111531
  },
  "torch_quant_dynamic": {
    "roc_auc": 0.7844249001503127,
    "precision": 0.6740947075208914,
    "recall": 0.36473247927656366,
    "f1": 0.47334963325183377
  },
  "onnx_fp32": {
    "roc_auc": 0.7969638631778284,
    "precision": 0.6615969581749049,
    "recall": 0.3933685003767898,
    "f1": 0.4933837429111531
  },
  "onnx_int8": {
    "roc_auc": 0.7960150754603519,
    "precision": 0.6641414141414141,
    "recall": 0.39638281838733985,
    "f1": 0.49646059462010383
  }
}