{
  "torch_fp32": {
    "roc_auc": 0.7866040398505354,
    "precision": 0.6536523929471033,
    "recall": 0.3911077618688772,
    "f1": 0.4893917963224894
  },
  "torch_quant_dynamic": {
    "roc_auc": 0.7782248421280776,
    "precision": 0.6625172890733056,
    "recall": 0.36096458176337604,
    "f1": 0.46731707317073173
  },
  "onnx_fp32": {
    "roc_auc": 0.7866042817442342,
    "precision": 0.6536523929471033,
    "recall": 0.3911077618688772,
    "f1": 0.4893917963224894
  },
  "onnx_int8": {
    "roc_auc": 0.7852153281263832,
    "precision": 0.6509554140127388,
    "recall": 0.3850791258477769,
    "f1": 0.48390151515151514
  }
}